"last_name, first_name","player_id","attempts","avg_hit_angle","anglesweetspotpercent","max_hit_speed","avg_hit_speed","ev50","fbld","gb","max_distance","avg_distance","avg_hr_distance","ev95plus","ev95percent","barrels","brl_percent","brl_pa"
"Alcantara, Sandy","645261","443","11.5",31.6,"111.3","88.3","77.6","91.9","85.8","430","155","396","157",35.4,"25",5.6,4.2
"Sánchez, Cristopher","650911","370","2.7",31.4,"112.7","89.6","78.4","94.6","87","429","134","400","162",43.8,"31",8.4,5.6
"Wacha, Michael","608379","368","16.3",33.2,"115.8","88.4","77.8","92.4","84.6","444","173","402","133",36.1,"23",6.3,4.5
"Martinez, Nick","607259","367","16.5",36.2,"111.9","87.1","75.7","91.7","83.5","427","177","396","120",32.7,"26",7.1,5.8
"Lugo, Seth","607625","362","14.9",37,"111.5","90.7","80.6","93.3","88.8","448","179","402","161",44.5,"34",9.4,6.8
"Lorenzen, Michael","547179","360","11.7",33.3,"114.2","90.7","80.1","94.3","88.4","454","169","416","168",46.7,"33",9.2,6.8
"Baz, Shane","669358","357","13.2",36.4,"116.9","90.2","80","93.9","87","423","174","396","150",42,"25",7,4.9
"Rodriguez, Eduardo","593958","355","13.4",36.3,"111.4","88.7","77.8","93.4","84","432","174","414","133",37.5,"34",9.6,7.1
"Bibee, Tanner","676440","353","16.2",34,"115.6","89.6","79.3","92.6","87.3","422","172","390","143",40.5,"31",8.8,6.4
"Mikolas, Miles","571945","346","11.5",34.1,"113.3","89.9","78.6","94.8","85.7","421","169","393","144",41.6,"30",8.7,7.2
"Kirby, George","669923","346","10.7",32.4,"109.2","89.5","79.1","92.6","88","416","152","392","146",42.2,"24",6.9,5
"Gallen, Zac","668678","344","11.9",34.3,"113.6","90.8","80.2","95","87","448","171","402","153",44.7,"38",11,8.6
"Valdez, Framber","664285","342","7.3",28.9,"112","89.6","78.9","94.1","86.7","449","144","401","142",41.5,"22",6.4,4.6
"Kelly, Merrill","518876","342","13.1",40.6,"114.5","90.4","79.3","95.3","85.3","463","183","402","154",45,"46",13.5,10.2
"Abbott, Andrew","671096","339","16.6",30.7,"113","89.8","79.7","93.4","87.9","435","170","391","130",38.5,"24",7.1,5
"Gausman, Kevin","592332","339","15.8",33.9,"112.3","88.5","76.4","93.6","84.7","428","173","391","133",39.2,"28",8.3,5.7
"Cecconi, Slade","677944","336","12.3",38.1,"112.2","88.6","77.6","93.8","84","443","168","398","131",39,"28",8.3,6.2
"Rea, Colin","607067","336","11.6",36.6,"112.5","89.5","79.2","93.6","86","442","166","395","133",39.6,"35",10.4,7.6
"Keller, Mitch","656605","336","14.2",39,"111.7","89.4","78.6","93.2","85.9","434","178","396","141",42,"24",7.1,5.2
"Pallante, Andre","669467","333","6.2",30.3,"117.8","87.6","76.1","92.7","85.5","421","134","401","115",34.5,"20",6,4.5
"McGreevy, Michael","700241","332","10.1",32.8,"116","90.2","79.4","94.2","86.7","442","161","402","137",41.3,"32",9.6,7.5
"Peralta, Freddy","642547","331","15.8",33.5,"114.7","87.8","76.5","92.3","84.1","456","163","388","128",38.7,"18",5.4,3.7
"Elder, Bryce","693821","331","13.1",32.6,"113","90","79.9","93.8","87.2","454","163","397","132",39.9,"20",6,4.4
"King, Michael","650633","329","14.4",33.7,"114.6","87.6","76.5","92.7","83.7","445","163","400","112",34,"28",8.5,5.7
"Griffin, Foster","656492","328","12.1",36.3,"119","87.5","75","92.4","84.7","451","158","405","122",37.2,"31",9.5,6.6
"Eovaldi, Nathan","543135","326","9.8",29.4,"115.9","88.8","77.4","94.2","85.8","437","155","394","133",40.8,"28",8.6,5.8
"Nola, Aaron","605400","326","14.1",35.3,"113.5","88.6","76.8","94.5","81.5","438","176","398","132",40.5,"34",10.4,7.2
"Singer, Brady","663903","326","13.9",35.3,"113.4","90.7","80.5","93.7","87.4","443","176","397","134",41.1,"31",9.5,6.8
"Springs, Jeffrey","605488","324","17.6",34.9,"114.1","88.1","77.3","92.6","82.2","444","187","401","116",35.8,"32",9.9,7.1
"Imanaga, Shota","684007","324","17.3",31.8,"111.1","88","76.7","93.2","84.4","426","172","400","118",36.4,"32",9.9,6.9
"Freeland, Kyle","607536","321","14.4",36.4,"112.9","90.8","80.1","93.2","88.4","437","183","397","140",43.6,"35",10.9,8.2
"Cameron, Noah","702070","321","15.5",41.1,"115.9","89.6","78.8","93.1","86.3","440","178","403","126",39.3,"31",9.7,6.9
"Wrobleski, Justin","680736","320","14.9",35,"111.5","89.7","79.2","91.6","88.7","440","176","403","136",42.5,"24",7.5,5.7
"Littell, Zack","641793","320","18.7",36.6,"115.2","91.7","82.2","94.9","89.5","437","191","399","145",45.3,"36",11.3,8.7
"Webb, Logan","657277","319","6.9",29.8,"114.4","88.6","77","91.5","88.2","440","136","396","127",39.8,"17",5.3,3.9
"Ashcraft, Braxton","677952","317","13",33.1,"113.1","90.5","80.4","93.9","88","428","161","388","134",42.3,"21",6.6,4.4
"Woo, Bryan","693433","316","17.4",33.2,"114.3","89.6","79","93.7","87.3","439","173","390","135",42.7,"22",7,4.9
"Montero, Keider","672456","316","16.7",29.4,"111.8","88.6","78.2","93.2","86.6","451","162","396","120",38,"23",7.3,5.5
"Ray, Robbie","592662","315","19.1",31.7,"112.9","89.2","78.6","91.2","87.7","432","182","395","121",38.4,"29",9.2,6.2
"Detmers, Reid","672282","315","18.2",32.7,"112.6","89.8","79.9","92.2","89.1","445","179","408","119",37.8,"24",7.6,4.9
"Messick, Parker","800048","314","14.8",33.1,"110.4","87.2","75.9","91.4","85.1","429","152","390","104",33.1,"17",5.4,3.6
"Bradish, Kyle","680694","314","9.7",29.9,"114.2","88.2","76.8","92.5","86.3","439","149","392","117",37.3,"25",8,5.2
"Schlittler, Cam","693645","314","13.1",33.4,"115.1","87.9","76.4","92.1","85.1","424","166","387","122",38.9,"26",8.3,5.3
"Yamamoto, Yoshinobu","808967","314","8.9",31.2,"114.2","87.8","76.5","92","84.7","414","149","387","110",35,"21",6.7,4.6
"Gilbert, Logan","669302","313","17.9",37.1,"115.2","90.3","80","93.5","87","428","179","398","134",42.8,"33",10.5,7
"Soriano, José","667755","311","6.8",32.2,"112.7","88.7","77.6","92.7","86.1","434","143","394","117",37.6,"25",8,5.1
"Ryan, Joe","657746","311","19.2",34.7,"115.1","89.7","78.9","93.7","87.7","419","178","397","131",42.1,"35",11.3,7.4
"Burrows, Mike","681347","309","15.7",35.6,"113.9","88.3","77.1","92.2","85.2","436","174","394","120",38.8,"26",8.4,6.1
"Sugano, Tomoyuki","608372","306","14.8",38.9,"116.7","90.6","79.8","95.5","84.4","452","188","407","136",44.4,"42",13.7,11
"Martin, Davis","663436","306","11.7",36.6,"117.2","90","79.2","93","88.4","425","157","383","133",44,"20",6.5,4.5
"Gore, MacKenzie","669022","306","16.6",35.3,"115.7","89.8","78.4","94.3","85.5","433","181","389","135",44.1,"27",8.8,5.7
"Kay, Anthony","641743","305","12.5",35.4,"113.4","88.5","76.7","91.8","86.4","437","155","395","119",39,"26",8.5,5.9
"Cavalli, Cade","676917","305","8.4",34.1,"111.5","89.3","78.4","91.9","87.8","420","151","395","124",40.7,"20",6.6,4.2
"Ginn, J.T.","669372","302","9.8",30.5,"112.1","87.1","75.2","92.8","82.9","431","150","390","105",34.8,"19",6.3,4.2
"Williams, Gavin","668909","300","9.8",35,"116","91","80.3","95.8","87.4","430","166","392","144",49,"36",12,7.4
"Liberatore, Matthew","669461","300","15.5",42.3,"112","90.7","80.3","94.7","87.9","423","183","394","129",43,"28",9.3,6.4
"Rogers, Trevor","669432","299","18.5",32.1,"116.8","89.1","78.4","92.9","87.1","432","168","395","118",39.5,"19",6.4,4.6
"Fedde, Erick","607200","299","15.2",34.8,"114.5","88.8","78.1","91.9","86.6","446","173","393","118",39.5,"21",7,5.2
"Burke, Sean","680732","297","17.4",34.7,"113.4","88.7","78.5","91.6","86.3","430","176","397","105",35.4,"22",7.4,4.8
"Warren, Will","701542","297","13.2",34.3,"116.9","90.2","79.9","93.8","87.4","434","166","388","119",40.1,"21",7.1,4.8
"Castillo, Luis","622491","297","16.6",32.7,"112.3","89.7","79.4","93.5","86.6","422","173","397","122",41.1,"28",9.4,6.7
"Roupp, Landen","694738","296","9.5",32.4,"112.9","86.6","76","91.4","83.2","437","145","398","89",30.1,"12",4.1,2.6
"Luzardo, Jesús","666200","296","7.2",34.1,"110.9","86.7","75.7","90.3","84.5","418","140","388","91",30.7,"16",5.4,3.3
"Skenes, Paul","694973","293","15.1",33.4,"111.1","88.1","76.6","92.4","84.7","424","166","388","111",37.9,"18",6.1,3.9
"Meyer, Max","676974","293","14.2",32.1,"112.1","89.7","79.3","93.6","87.6","445","162","406","123",42,"25",8.5,5.4
"Vásquez, Randy","681190","293","17.4",41,"114.1","91.9","82.5","95","88.8","434","192","397","138",47.1,"36",12.3,9.3
"Peterson, David","656849","291","8.5",35.7,"111.7","90.4","80.3","93.8","87.8","418","160","394","126",43.3,"19",6.5,4.7
"Leahy, Kyle","681517","290","9.2",36.9,"113.5","91.6","81.3","95.3","89.4","435","164","397","146",50.3,"31",10.7,7.6
"Chandler, Bubba","696149","290","17.5",29.3,"114.8","89.1","79","93","86.6","457","170","407","108",37.2,"18",6.2,4.1
"Cantillo, Joey","676282","289","11.7",30.1,"111.7","87.6","76.3","91.5","84.4","425","159","393","107",37,"22",7.6,4.8
"Rasmussen, Drew","656876","289","11.4",31.1,"111.3","87.6","76.1","92.3","84.8","427","153","393","98",33.9,"20",6.9,4.8
"Gray, Sonny","543243","287","10.4",33.8,"111.1","89","78.8","93","86.4","437","160","405","105",36.6,"20",7,4.9
"Hancock, Emerson","676106","287","13.1",31,"114.7","89.9","78.7","93.2","88.7","443","168","404","125",43.6,"27",9.4,6.5
"Bradley, Taj","671737","287","16.9",38.7,"112.7","91.3","81.6","94.2","88","450","186","400","130",45.3,"28",9.8,6.1
"Weathers, Ryan","677960","286","10.5",34.3,"114.6","89.8","78.5","94","86.4","445","167","411","121",42.3,"29",10.1,6.7
"Rocker, Kumar","677958","286","12.4",30.4,"113.6","89.1","77.4","93.5","86.8","443","160","408","121",42.3,"21",7.3,5.1
"Buehler, Walker","621111","284","12.1",32.4,"111.9","90.2","80.3","93.2","88.4","434","161","396","117",41.2,"24",8.5,5.8
"Young, Brandon","687064","282","15.5",36.5,"114","89.4","78.4","92.5","86.7","424","174","403","119",42.2,"17",6,4.4
"McLean, Nolan","690997","280","8.5",34.3,"111","87.5","76","93.4","83","409","151","390","98",35,"18",6.4,3.8
"Houser, Adrian","605288","280","12.3",34.3,"112.8","90.1","79.2","94.7","86.9","473","165","403","118",42.1,"27",9.6,7.3
"May, Dustin","669160","280","11.7",35,"114.8","90","79.5","93.5","88.6","444","158","388","127",45.4,"17",6.1,4.1
"Holmes, Grant","656550","278","14.3",34.2,"111.3","90.8","81.2","94","88","439","171","387","119",42.8,"23",8.3,5.8
"deGrom, Jacob","594798","272","16",39.3,"114.9","90.9","81.2","93.7","87.8","428","186","392","123",45.2,"25",9.2,5.9
"Mlodzinski, Carmen","669387","270","14.3",34.4,"109.4","90.4","79.9","92.8","89.2","414","164","391","125",46.3,"20",7.4,5.4
"Burns, Chase","695505","269","19.7",32.3,"113.1","88.9","78.8","93.4","85.2","417","180","383","98",36.4,"23",8.6,5.3
"Sale, Chris","519242","269","11.8",35.7,"113.2","87.3","76.2","90.7","85","413","158","392","88",32.7,"16",5.9,3.8
"Lambert, Peter","663567","266","18.9",29.7,"114.7","89","78.8","92.6","86.1","426","172","389","100",37.6,"18",6.8,4.4
"Civale, Aaron","650644","266","20.8",39.5,"112.1","90.6","80.8","93.5","88","432","198","397","123",46.2,"27",10.2,7.6
"Corbin, Patrick","571578","266","13.8",38.3,"114.6","88.4","76.5","92.9","84.3","419","167","398","112",42.1,"20",7.5,5.6
"Nelson, Ryne","669194","265","19.3",34.7,"112.4","90.5","80.2","94.1","87.5","441","197","401","115",43.4,"27",10.2,7.6
"Lauer, Eric","641778","263","21.7",35.4,"114.5","88.1","77.3","91.5","84.1","449","190","395","94",35.7,"30",11.4,8.7
"McClanahan, Shane","663556","258","10",33.3,"112.2","89.4","78.5","93.3","86.5","443","162","402","105",40.7,"23",8.9,6.1
"Ober, Bailey","641927","257","22.3",29.6,"115.5","87.9","76.8","92.9","84.5","442","170","405","84",32.7,"24",9.3,7
"Early, Connelly","813349","254","12.7",33.1,"113.3","90.6","80.9","93.4","88.3","419","169","395","104",40.9,"27",10.6,6.9
"Suarez, Ranger","624133","251","13.3",38.6,"113.6","86","74.4","89.7","83.7","441","153","423","78",31.1,"13",5.2,3.5
"Sasaki, Roki","808963","250","14.2",33.6,"115.7","90.3","80","94","89.2","448","167","396","112",44.8,"30",12,8
"Mahle, Tyler","641816","248","13.8",33.9,"110.5","89.6","79.9","92.5","87.6","442","167","396","89",35.9,"18",7.3,5
"Pérez, Martín","527048","246","7.8",35,"116.9","88.2","76.6","93.4","83.9","444","149","406","91",37,"16",6.5,4.6
"Phillips, Tyler","663969","245","10.3",32.2,"112.9","90","80","92.4","88.1","457","154","400","105",42.9,"19",7.8,5.6
"Sheehan, Emmet","686218","243","20.6",35.8,"111","89.4","78.8","93.2","85","415","185","394","97",39.9,"25",10.3,6.7
"Tolle, Payton","801139","242","18.7",31,"112.3","87.8","76.6","90.8","86.3","421","175","389","83",34.3,"17",7,4.6
"Ureña, Walbert","700712","241","6.1",26.6,"114.6","86.9","75.2","91.4","84.6","392","132","372","80",33.2,"12",5,3.2
"Wheeler, Zack","554430","239","13.5",33.1,"110.2","86.3","74.2","91.1","83.3","435","151","385","81",33.9,"14",5.9,3.7
"Flaherty, Jack","656427","238","22",39.9,"113.5","90.5","80.3","93.7","88.5","427","192","387","110",46.2,"20",8.4,5.1
"Manaea, Sean","640455","237","14.1",35.9,"114.6","88.3","76.2","92.7","84.9","414","171","391","96",40.5,"20",8.4,5.7
"Lowder, Rhett","695076","235","14.9",37,"112.8","90.6","80.3","92.8","90","433","173","410","93",39.6,"21",8.9,6.3
"Bello, Brayan","678394","235","7.2",34,"113.2","90.2","78.8","95.1","86.4","432","152","398","102",43.4,"23",9.8,7.3
"Leiter, Jack","683004","233","16.2",37.8,"113","88","76.3","93.2","82.9","449","180","396","93",39.9,"24",10.3,6.8
"Soroka, Michael","647336","232","17",36.6,"112","87.7","76.5","92.3","83.7","435","173","395","79",34.1,"20",8.6,6
"Misiorowski, Jacob","694819","230","11.1",33,"111.7","86.8","75.9","90.8","84.9","417","150","387","77",33.5,"7",3,1.6
"Arrighetti, Spencer","681293","230","17.7",38.7,"109.3","87.5","77.2","91","84.2","424","176","398","71",30.9,"18",7.8,4.8
"Sproat, Brandon","687075","230","13.5",35.2,"113.9","89.9","79.3","92.7","89.2","430","170","399","97",42.9,"20",8.7,5.4
"Cease, Dylan","656302","224","12.2",33.5,"113.2","85.9","72.9","92.4","82.7","418","152","395","74",33,"12",5.4,2.8
"Pérez, Eury","691587","223","19.6",32.3,"113.4","88.2","76.1","94.1","83.6","449","172","407","88",39.5,"27",12.1,7.3
"Jax, Griffin","643377","223","10.3",36.8,"110.2","88.8","77.4","91.9","86.1","432","171","398","89",39.9,"23",10.3,6.9
"Junk, Janson","676083","222","15.1",28.4,"114.2","90","78.9","94.6","88.8","442","153","395","92",41.4,"16",7.2,5.4
"Painter, Andrew","691725","219","16.4",31.1,"113","87.1","75","91","84.9","428","170","392","77",35.2,"21",9.6,7
"Mize, Casey","663554","218","17.7",34.4,"110.4","88.4","77.8","93.5","82.8","447","173","397","78",35.8,"14",6.4,4.4
"Patrick, Chad","694477","218","17.1",35.3,"116.1","89.2","78.7","92.6","87.5","463","172","420","84",38.5,"15",6.9,4.8
"McDonald, Trevor","686790","217","3.7",27.6,"114.4","89","78.3","93","87.3","440","129","405","82",37.8,"9",4.1,2.9
"Drohan, Shane","675660","217","13.6",33.6,"113.6","87.9","76.6","92","84.8","415","165","382","80",36.9,"19",8.8,6
"Matthews, Zebby","805673","216","15.4",36.1,"112.8","90.5","80.8","94.1","86.9","423","182","387","84",38.9,"27",12.5,9.1
"Harrison, Kyle","690986","216","14.1",36.6,"115","89.2","79","92.1","86.7","434","173","392","79",36.6,"14",6.5,4.1
"Taillon, Jameson","592791","215","17.9",36.7,"112.4","88.6","77","94.7","80.9","444","203","400","84",39.1,"31",14.4,10.1
"Agnos, Zach","688642","214","15.6",40.7,"111","89.2","78.1","93","85.2","444","190","402","90",42.1,"18",8.4,6.4
"Yesavage, Trey","702056","214","21",36.4,"111","88.8","78.9","92.9","86.6","404","184","380","75",35,"12",5.6,3.6
"Ohtani, Shohei","660271","213","11.2",26.8,"111.2","87.4","76.6","91.3","86.5","427","137","396","72",33.8,"8",3.8,2.4
"Cabrera, Edward","665795","213","12.1",35.2,"115.4","91.3","81","95.9","87.2","434","168","393","91",42.7,"25",11.7,8.1
"Kochanowicz, Jack","686799","208","4.7",30.3,"111.4","89.4","77.9","92.9","87.7","427","136","396","89",42.8,"15",7.2,5.1
"Skubal, Tarik","669373","208","8.6",32.7,"111.8","86.9","75.4","90.4","84.5","427","145","401","71",34.1,"14",6.7,4.4
"Feltner, Ryan","663372","206","13.5",32.5,"111","88.2","76.5","93.4","84.5","462","170","414","84",40.8,"23",11.2,8.1
"Paddack, Chris","663978","206","15",34.5,"116.3","88.8","77.8","91.8","85.7","429","171","387","76",36.9,"17",8.3,6.4
"Woods Richardson, Simeon","680573","200","18.2",31.5,"112.6","90","79.3","92.8","89","414","172","392","86",43,"17",8.5,6.4
"Assad, Javier","665871","195","14",34.4,"112.4","90.5","80.3","93.4","88.9","446","167","403","95",48.7,"16",8.2,6.4
"Lopez, Jacob","682052","194","21",32,"110.8","85.2","72.9","90.4","80.1","413","174","385","61",31.4,"9",4.6,3.2
"Bassitt, Chris","605135","194","9.8",29.9,"114","87.4","75.9","91.8","85.7","422","146","404","67",34.5,"8",4.1,3.1
"Lodolo, Nick","666157","193","13.5",35.8,"115.9","90.4","80.1","91.9","89.5","438","179","404","74",38.3,"15",7.8,5.4
"López, Reynaldo","625643","193","14.6",38.9,"114.5","87.5","75.9","92.4","83","435","180","406","69",35.8,"15",7.8,5.3
"Prielipp, Connor","687570","192","12.8",34.4,"110.5","90.2","80.6","93.7","88.3","427","165","401","76",39.6,"18",9.4,6.1
"Miles, Spencer","693686","190","6.7",27.4,"109","86.4","75.2","89.9","84.8","427","129","410","64",33.7,"7",3.7,2.6
"Pfaadt, Brandon","694297","188","10.4",31.9,"112.3","88.6","77.9","95","85.5","419","146","402","70",37.2,"17",9,6.7
"Teng, Kai-Wei","678906","186","14.4",36.6,"113.4","89.8","79.7","94.1","86.2","431","162","382","74",39.8,"13",7,4.5
"Gordon, Tanner","685299","185","19.2",34.1,"111.5","91.2","81.9","95","86.6","463","198","407","81",43.8,"21",11.4,8.5
"Avila, Luinder","679883","179","10.9",31.3,"109.9","87.8","76.7","91.1","86.5","436","156","397","63",35.2,"11",6.1,4
"Brown, Ben","676962","179","10.1",31.3,"113.1","90.3","80.4","92.8","88.5","402","155","377","77",43,"13",7.3,4.9
"Perkins, Jack","678022","178","15.4",35.4,"111.2","89.1","79","92.4","85.7","442","195","402","67",38.1,"14",7.9,4.9
"Fried, Max","608331","177","8.1",25.4,"111.6","86","74.4","90.3","85.2","378","137","375","54",30.5,"3",1.7,1.2
"Bennett, Jake","687562","176","12.8",27.3,"115.8","87.4","75","92.5","84.2","424","147","401","65",36.9,"10",5.7,4.4
"Kolek, Stephen","663568","176","10.3",33,"112.8","88.5","77.4","92.5","85.9","435","151","375","65",36.9,"12",6.8,5.4
"Quantrill, Cal","615698","176","18.6",33,"111.2","87.5","76.3","92.2","83.3","455","175","411","60",34.1,"16",9.1,7
"Seymour, Ian","693855","174","22.3",32.2,"110.9","88.3","77.7","91.6","87.6","449","188","398","65",37.4,"16",9.2,5.7
"Cole, Gerrit","543037","174","20.2",36.2,"114.4","90.1","80.5","93.9","87.6","422","191","381","72",43.1,"18",10.3,7.1
"Severino, Luis","622663","173","11.6",34.1,"113.6","88.8","78.4","91.7","85.8","417","160","384","67",38.7,"15",8.7,5.5
"Canning, Griffin","656288","172","11.4",35.5,"113.8","90.7","80","95.3","87.5","421","162","386","84",48.8,"17",9.9,6.4
"Matz, Steven","571927","169","14.8",44.4,"114.9","88.6","77.4","93.6","82.9","433","188","396","61",36.1,"22",13,9.6
"Lord, Brad","695418","169","3.3",24.9,"115.9","87.9","75.5","92.8","86","434","125","405","69",40.8,"10",5.9,4
"Blubaugh, AJ","805123","169","17.5",39.1,"111.8","89.4","79.8","93.5","85.3","446","190","396","61",36.1,"14",8.3,5.2
"Schultz, Noah","702273","169","17.5",38.5,"110.7","89.1","77.9","90.8","90.1","430","177","393","67",39.6,"18",10.7,7.1
"Suter, Brent","608718","168","10.2",35.1,"110.4","86","73.9","89.9","82.9","437","143","411","49",29.2,"10",6,4.3
"Watson, Ryan","670245","162","16.9",37.7,"114.4","89.3","78.1","94.4","86.3","449","173","410","64",39.5,"19",11.7,8.4
"Jump, Gage","695611","160","15.4",37.5,"113.6","90.3","79.8","93.3","88.2","437","180","407","69",43.1,"10",6.3,4.1
"Scott, Christian","681035","159","17.5",40.3,"112.8","87.6","76.8","90.3","86.7","445","179","404","54",34,"11",6.9,4.1
"Miller, Bryce","682243","159","16.6",27,"111.5","86.4","75.7","89.3","83.5","440","162","392","47",29.6,"11",6.9,4.6
"Peralta, Wandy","593974","156","7.4",35.9,"109.3","87.6","76.8","92.7","84.5","427","145","404","53",34,"6",3.8,2.8
"Bruihl, Justin","677865","155","8.3",31,"111.1","87.1","75.3","92.1","83.9","402","143","389","57",36.8,"6",3.9,2.8
"Anderson, Drew","623454","154","9.8",28.6,"115.3","90.4","80.6","94.9","89.3","459","150","391","61",39.6,"12",7.8,4.7
"Gasser, Robert","688107","152","21.6",36.8,"110.4","86.6","75.9","90.9","82.3","446","189","392","47",30.9,"11",7.2,5
"Myers, Tobias","668964","152","20.6",32.2,"113.1","91.6","82.4","95.1","88.6","402","182","376","70",46.1,"9",5.9,4.5
"Alvarez, Andrew","674841","151","7.8",33.8,"116.5","90","78.3","95","87.2","413","136","387","67",44.4,"9",6,3.9
"Holmes, Clay","605280","150","5.1",27.3,"111.1","89.8","79.4","92.6","88.7","419","136","400","66",44,"8",5.3,3.7
"Ritchie, JR","702275","150","11.8",30,"111.9","89.4","79.8","93.5","85.9","474","160","411","57",38,"13",8.7,5.5
"Blackburn, Paul","621112","150","6.1",27.3,"111.9","86","73.8","90.7","83.5","438","135","414","48",32,"10",6.7,4.8
"Suarez, José","660761","149","15.9",35.6,"114.9","87.9","77.8","90.5","86.6","467","159","384","47",31.5,"3",2,1.3
"Rogers, Tyler","643511","148","-2.3",22.3,"112.9","84.4","72.3","89.3","82.8","398","98",,"38",25.7,"2",1.4,1.1
"Boyd, Matthew","571510","148","13.5",35.1,"112.5","90","78","94.7","87.5","433","161","404","67",45.3,"15",10.1,6.9
"Ashby, Aaron","676879","147","7.1",29.9,"116.9","87.7","74.9","92.6","85.3","447","146","400","58",39.5,"7",4.8,2.7
"Imai, Tatsuya","837227","147","12",36.7,"112.6","89.9","79.6","94","87","452","167","395","67",45.6,"16",10.9,6.2
"Newcomb, Sean","656794","147","8.7",34,"111","87.1","75.4","91.3","84.8","422","136","392","53",36.1,"8",5.4,3.5
"Senzatela, Antonio","622608","146","11.7",33.6,"112.2","88","76","89.2","89.7","424","158","397","59",40.4,"9",6.2,4.3
"Márquez, Germán","608566","146","17.6",34.2,"113.5","89.4","78.3","91.8","87.5","432","183","385","66",45.2,"14",9.6,7
"Morejon, Adrian","670970","145","0.4",26.9,"113.2","86.5","74.6","92.3","84.2","429","109","419","47",32.4,"3",2.1,1.4
"Melton, Troy","675512","145","12.9",29.7,"111.9","88.9","78.9","92.1","86.7","428","158","390","52",35.9,"8",5.5,3.8
"Marinaccio, Ron","676760","144","15.2",29.9,"113.2","88.8","77.7","93.1","87.4","437","167","401","57",39.6,"11",7.6,5.4
"Quintana, Jose","500779","143","18.7",35,"115.8","88.2","78.1","90.7","87.5","429","177","403","47",32.9,"12",8.4,6.6
"Brubaker, JT","664141","142","15.6",37.3,"112","88.1","77","92.2","83.6","435","186","414","52",36.6,"9",6.3,4.6
"Irvin, Jake","663623","142","14.5",34.5,"114.9","89.7","78.2","94.3","86.1","451","176","414","65",45.8,"17",12,7.5
"Graceffo, Gordon","700669","141","9.6",33.3,"114.6","92.5","83.8","94.8","91.1","444","166","409","67",47.5,"17",12.1,8.9
"De Los Santos, Enyel","660853","139","18.9",33.1,"109.5","87.8","76.8","93.2","81.5","432","174","396","51",36.7,"8",5.8,4.1
"King, Bryan","687911","138","10.5",36.2,"108.6","87.1","75.6","91.9","85.2","407","152","394","49",35.5,"8",5.8,4.1
"Holton, Tyler","663947","138","10.6",34.8,"110.7","88.1","76.9","92.7","86.1","409","146","392","54",39.1,"8",5.8,4.3
"Morris, Andrew","702193","137","11.6",27.7,"109.9","85.9","74.1","89.6","83.5","441","151","394","44",32.1,"4",2.9,2
"Burke, Brock","656271","137","17.3",35,"109.8","87.6","76.9","90.6","85.3","406","176","390","43",31.4,"11",8,5.3
"Clarke, Taylor","664199","136","8.5",30.9,"112.3","86.9","75.4","92.8","85","430","147","420","45",33.1,"12",8.8,7
"Ramírez, Yohan","670990","135","10.3",32.6,"108.2","84.5","72.1","87.1","82.8","403","136","382","41",30.4,"8",5.9,3.4
"Kelly, Kevin","687330","133","1.3",32.3,"113","89.9","78.7","92","88.8","430","124","400","61",45.9,"9",6.8,5
"Gómez, Yoendrys","672782","133","24.9",36.1,"114.7","89.1","78.1","93.8","86.5","429","200","391","57",45.2,"13",9.8,6.6
"Alexander, Tyler","641302","133","9.3",29.3,"110","87.1","76.3","90.3","86","448","139","407","46",34.6,"5",3.8,2.7
"Ferrer, José A.","678606","133","4.5",26.3,"110.7","86.2","74.1","89.7","84.4","422","126","389","46",34.6,"7",5.3,3.8
"Bachar, Lake","669199","132","18.1",28.8,"110.9","89.9","79.8","92.3","87.9","419","174","381","52",39.4,"12",9.1,5.6
"Sterner, Justin","686993","131","14.9",29.8,"112.1","90.3","80.1","94","87.6","445","186","393","59",45,"12",9.2,6.5
"Sulser, Cole","642121","131","16",37.4,"110.7","87.1","74.3","92.8","82","432","177","408","51",38.9,"16",12.2,8.4
"Legumina, Casey","668984","130","13.7",41.5,"118.5","87.8","76.7","90.6","83.7","424","173","412","50",39.7,"11",8.5,6.3
"Bernardino, Brennan","657514","130","10.8",30,"111.1","85.5","74.4","89.9","81.4","434","157","409","38",29.2,"6",4.6,3.4
"Wells, Tyler","669330","130","25.4",33.8,"112.4","87.5","77.2","91","86","421","186","402","44",33.8,"8",6.2,4.1
"Mejia, Juan","675848","130","12.9",33.8,"110.4","89.9","79.1","90.6","90.4","434","158","417","52",40,"5",3.8,2.5
"Orze, Eric","679358","130","12.8",36.2,"113.3","86.3","74.5","93.1","80.5","395","151","381","38",29.2,"9",6.9,4.8
"Svanson, Matt","694335","129","17.1",36.4,"110","91","80.6","92.8","91","423","177","389","58",45,"9",7,4.7
"Bubic, Kris","663460","129","12.5",38.8,"114.2","89.4","79","92.3","87.1","439","170","420","51",39.5,"10",7.8,4.8
"Parker, Mitchell","680730","129","14.5",33.3,"112.1","90.9","80.6","93.5","89.1","422","173","392","54",41.9,"11",8.5,6.2
"Fisher, Braydon","680755","128","10.3",27.3,"109.2","88.4","77.7","93.7","84.2","409","160","384","52",40.6,"16",12.5,7.8
"Headrick, Brent","687396","128","17.9",38.3,"109.3","87.3","75.9","91.3","85.8","420","173","405","46",35.9,"6",4.7,2.9
"Mayza, Tim","641835","128","6.9",32,"110.8","89.3","77.3","93.9","85.7","441","152","400","59",46.1,"9",7,4.9
"Hill, Tim","657612","127","-3.9",22.8,"113.8","90","78.5","97.6","87","419","107","396","55",43.3,"9",7.1,5.7
"Finnegan, Kyle","640448","127","9.8",27.6,"112.7","90.3","79.7","92.8","89.2","438","151","408","56",44.1,"11",8.7,5.9
"Okert, Steven","595345","126","28.6",29.4,"110.5","86.8","76","90.2","84.1","426","183","394","38",30.2,"6",4.8,3.1
"Suárez, Albert","544150","126","17.7",38.9,"111.8","89.5","79.3","94.2","83.3","429","188","395","50",39.7,"12",9.5,7.2
"Santana, Dennis","642701","126","19.1",42.9,"109.4","89.8","80.3","92.8","86.8","422","204","404","52",41.3,"12",9.5,6.5
"Brazobán, Huascar","623211","126","6.3",24.6,"111.7","84.2","72.1","89.3","80.7","429","120","396","33",26.2,"3",2.4,1.5
"Bazardo, Eduard","660825","125","18.8",36,"110.4","90.4","80.7","92.6","88.2","393","184","362","49",39.2,"11",8.8,6
"Festa, Matt","670036","124","20.2",42.7,"109.5","87.7","76","92.7","84.4","425","183","391","49",39.5,"12",9.7,6.5
"Soriano, George","666277","123","14.8",26,"113.4","90.3","80.2","94.5","87.9","448","160","422","51",41.8,"11",8.9,6.1
"Romero, JoJo","668941","123","9.2",36.6,"111.8","91.3","80.2","94.8","89.6","416","157","391","53",43.1,"10",8.1,5.4
"Medina, Luis","665622","123","15.1",39,"111.1","90.4","80.6","92.9","87.8","457","188","426","48",39,"9",7.3,4.4
"Erceg, Lucas","668674","122","7",31.1,"114.2","86.6","72.9","91.6","85.1","404","134","379","49",40.2,"7",5.7,4
"Yarbrough, Ryan","642232","122","18.6",34.4,"110.8","83","70.8","88.4","79.2","399","170","374","29",23.8,"4",3.3,2.4
"Johnson, Ryan","696270","122","18",30.3,"113.6","87.5","75.4","91.6","85.3","446","178","409","44",36.1,"10",8.2,5.9
"Rodriguez, Bradgley","699134","121","9.1",19.8,"105.7","87.1","76.7","90.8","86.2","394","131","390","38",31.4,"3",2.5,1.7
"Dollander, Chase","801403","121","12.9",24,"111.3","90.6","79.8","96.3","87.3","438","157","406","63",52.1,"12",9.9,6.3
"Scholtens, Jesse","669947","120","19.1",37.5,"109.4","88.2","77.2","93.3","84.6","427","178","395","45",37.5,"13",10.8,7.9
"Lynch IV, Daniel","663738","120","11",30.8,"111.3","87.4","75.6","90.5","87.2","424","154","420","42",35,"7",5.8,4.2
"Rodriguez, Grayson","680570","120","17.6",42.5,"113.7","92.3","82.1","95.6","87.1","436","206","407","66",55,"12",10,7.1
"Milner, Hoby","571948","119","13",37,"109.8","88.5","77.8","91.7","86","391","163","382","45",37.8,"7",5.9,4.7
"Anderson, Grant","681982","119","21.3",33.6,"111.3","88.8","78.7","92.5","86.4","430","170","404","46",38.7,"8",6.7,4.6
"Kuhnel, Joel","669270","119","9.7",30.3,"112.8","89.1","78.3","92.9","88","427","136","392","47",39.5,"7",5.9,4.5
"Thompson, Ryan","657044","119","6",29.4,"112.2","88.4","76.9","92.4","87.9","451","128","448","41",34.5,"5",4.2,3.2
"Taylor, Grant","691799","119","10.9",27.7,"108.6","89.2","79","90.8","88.1","391","161","381","48",40.3,"8",6.7,3.8
"Paredes, Mike","702474","118","16.3",33.9,"111.1","91.5","82.1","94.2","88.6","428","185","390","60",50.8,"8",6.8,5.2
"Hudson, Bryan","663542","118","14.2",29.7,"110.4","87.8","77.2","90.2","87.8","401","146","369","42",35.6,"4",3.4,2.2
"Webb, Jacob","657097","118","13.6",39,"111.6","89.4","78.2","93.1","85.6","422","168","382","53",44.9,"9",7.6,4.9
"Farris, Mitch","815083","117","14.4",43.6,"112.6","89.6","78.8","94.4","84.5","428","178","395","53",47.7,"10",8.5,5.6
"Faucher, Calvin","676534","117","6.8",35,"111.4","89.3","77.3","91.7","87","393","145",,"50",42.7,"6",5.1,3.1
"Pérez, Cionel","672335","117","3.7",25.6,"114.7","91.8","80.4","95.1","91","457","124","404","60",51.3,"15",12.8,8.9
"Loáisiga, Jonathan","642528","117","7.1",27.4,"112.3","86.1","73.9","91.2","83.5","414","136","399","38",32.5,"4",3.4,2.6
"Englert, Mason","669438","116","19.2",36.2,"112.6","89.2","78.1","93.4","83.5","443","191","401","43",38.1,"17",14.7,10.8
"Woodruff, Brandon","605540","116","23.5",29.3,"108.9","90","81.4","93.3","85.2","414","203","398","40",34.5,"9",7.8,5.2
"Nunez, Anthony","689296","116","13.2",38.8,"110.7","88","76.6","93","84.9","431","164","401","45",38.8,"9",7.8,5.1
"Lange, Alex","656638","115","9",38.3,"114.1","90","79.3","94.9","83.7","421","175","398","48",41.7,"14",12.2,7.6
"Rodón, Carlos","607074","115","13.5",33,"111.7","89.9","80.9","93","87","408","166","399","41",35.7,"6",5.2,3.1
"Weissert, Greg","669711","115","11",27,"114.6","86.9","75.9","92.1","82","431","156","389","37",32.2,"5",4.3,3
"Bachman, Sam","696147","115","8.3",30.4,"114.1","86.7","75.4","91.4","83.4","406","151","371","37",32.2,"8",7,4.4
"Varland, Louis","686973","115","2.6",23.5,"112.7","86.9","75.6","91.5","84.7","400","124","400","40",34.8,"3",2.6,1.5
"Rogers, Taylor","573124","115","16.1",41.7,"110","86","75","90.5","77.8","422","181","386","33",28.7,"7",6.1,4.3
"Schreiber, John","670167","114","10.3",36,"110.3","89.9","79","94.4","86.9","419","162","392","48",42.1,"9",7.9,5.7
"Ginkel, Kevin","656464","114","13.6",31.6,"108.3","90","79.7","92.2","89.3","435","170","423","49",43,"11",9.6,6.5
"Junis, Jakob","596001","114","12.3",38.6,"112.2","87","76.2","91","83.7","410","162","385","39",34.2,"4",3.5,2.6
"Doval, Camilo","666808","113","6",24.8,"109.2","90.9","81.1","95.2","89.1","445","127","388","56",49.6,"7",6.2,4.2
"Senga, Kodai","673540","113","18.9",43.4,"109.3","90","79.9","93.8","85.8","411","201","394","44",38.9,"15",13.3,7.7
"Bednar, David","670280","112","5.9",22.3,"111.5","86.4","74.2","90.4","86.1","411","117","408","41",36.6,"4",3.6,2.3
"Harris, Hogan","663687","112","13.7",31.3,"110.3","86.4","75.7","90.8","84.7","425","147","406","34",30.4,"6",5.4,2.9
"McCullers Jr., Lance","621121","112","11.9",38.4,"111.9","91.2","81.3","94.5","90.4","393","160","371","55",49.1,"9",8,4.9
"Fuentes, Didier","800311","111","15.3",31.5,"109.3","88.9","79.5","92.1","87","449","165","428","39",35.1,"6",5.4,3.4
"Latz, Jacob","656641","111","18.8",23.4,"108.5","88.5","77.6","94.7","83.9","454","152","425","42",37.8,"7",6.3,4.1
"Aldegheri, Sam","691951","111","20.7",35.1,"113","86.8","74.7","93","81.2","421","182","398","39",35.1,"10",9,6.6
"Fluharty, Mason","689254","111","15.5",38.7,"111.9","86.2","74.5","91.6","80.7","423","175","382","37",33.3,"9",8.1,5.1
"Kilian, Caleb","668873","110","12.6",31.8,"109.6","87.4","76.5","91.4","85","447","158","412","39",35.5,"8",7.3,4.5
"O'Brien, Riley","676617","110","3.5",30,"109.8","88.6","76.6","92.5","85.1","426","139","408","44",40,"8",7.3,4.4
"Moll, Sam","594580","110","9.2",28.2,"109.9","87.8","76.5","91.8","87.3","442","133","415","35",31.8,"7",6.4,3.8
"Smith, Cade","671922","109","14.8",37.6,"113.2","91.9","82.5","94.6","90.8","442","176","419","47",43.9,"11",10.1,5.9
"Richards, Trevor","670950","109","23.5",33,"107.9","90.6","81.3","94.1","88.7","430","203","385","45",41.3,"9",8.3,5.7
"Klein, Will","694361","108","5.9",31.5,"113.1","89","77.7","92","89.7","394","128","389","41",38,"3",2.8,1.7
"Uribe, Abner","682842","108","8.9",27.8,"112.6","87.8","77.2","89.3","88.5","389","134","382","35",32.4,"2",1.9,1.2
"Garcia, Rico","670329","107","15.9",25.2,"108.9","86.1","73.7","94.8","79.4","432","153","389","37",34.6,"7",6.5,4.2
"Gray, Peyton","682608","107","20",32.7,"110.3","86.3","74.9","90.8","83.1","405","161","395","35",32.7,"6",5.6,3.8
"Strahm, Matt","621381","106","24.4",29.2,"111.4","89.3","79.8","90.4","92.4","433","203","395","41",38.7,"10",9.4,6.8
"Hoffman, Jeff","656546","106","9",34,"108.5","87.1","76.5","90.5","85.3","421","147","404","34",32.1,"9",8.5,4.6
"Poulin, PJ","676571","106","13.5",29.2,"109.7","91.3","81.5","94.5","89.8","396","161","379","47",44.3,"10",9.4,6.5
"Dreyer, Jack","676263","105","11.3",24.8,"111.9","88.8","77.3","94.3","87.6","410","149","401","42",40,"7",6.7,4.3
"Gibson, Trey","694346","105","8.7",32.4,"112.7","91.2","80.2","96","87.3","440","149","398","50",47.6,"10",9.5,6.2
"King, John","667463","105","12.1",35.2,"110.1","89.1","79.3","93.6","87","429","162","417","38",36.2,"9",8.6,6
"Winn, Cole","668390","105","12.3",37.1,"112.7","88.1","75.4","93","80.7","467","188","418","45",42.9,"6",5.7,4
"Stanek, Ryne","592773","105","15.2",32.4,"114.3","89.5","78.9","93.7","87.5","444","168","403","35",33.3,"8",7.6,4.7
"Lee, Dylan","669276","104","19.5",33.7,"110.4","87","76.7","91.9","81.6","393","178","393","32",30.8,"4",3.8,2.4
"Jones, Jared","683003","103","12",34,"115.1","89.9","79.9","94.4","87.5","424","154","385","40",38.8,"7",6.8,4.3
"Varland, Gus","681402","103","20.4",44.7,"110.4","93.9","85.3","96.7","92.3","441","213","406","52",50.5,"16",15.5,10.8
"Henriquez, Edgardo","683618","102","9.9",22.5,"108.8","82.8","69.1","91","79","440","120","440","28",27.5,"3",2.9,1.9
"Adam, Jason","592094","102","12.2",26.5,"115.6","87.8","77.3","93.1","83.6","430","162","400","37",36.3,"7",6.9,5.2
"Weaver, Luke","596133","102","17.1",25.5,"112","88.3","78.1","92.4","85.8","420","157","402","33",32.4,"9",8.8,5.7
"Nance, Tommy","667297","102","9.6",29.4,"110.7","87.8","76.6","91.7","84.5","445","153","403","36",35.3,"7",6.9,4.5
"Brown, Hunter","686613","102","7.7",27.5,"112","85.4","72.2","90.6","83.3","437","133","403","39",38.2,"6",5.9,3.4
"Soto, Gregory","642397","102","14",31.4,"111.2","85.7","73.2","92.3","83.2","416","149","394","35",34.3,"6",5.9,3.5
"Kerkering, Orion","689147","101","19.5",31.7,"111.4","84.1","72.5","88.3","80","410","172","384","25",24.8,"6",5.9,3.5
"Cruz, Fernando","518585","101","23.2",28.7,"108.6","85.5","74.8","90","81.8","403","182","392","23",22.8,"7",6.9,3.8
"Alvarado, José","621237","101","18",37.6,"112.7","87.2","76.7","89.3","87","441","171","422","27",26.7,"4",4,2.3
"Morán, Jovani","663558","101","15",29.7,"110.7","87.1","75.7","92.7","82.2","397","170","378","30",29.7,"7",6.9,4.2
"Banks, Tanner","621383","101","15.6",42.6,"108","87.4","75.9","90.3","84.7","436","196","395","34",33.7,"7",6.9,4.8
"Vodnik, Victor","680767","101","6",25.7,"110.4","89.9","80.2","92.4","88.6","433","139","402","38",37.6,"7",6.9,4.9
"Petersen, Michael","656848","101","22.7",26.7,"110.9","90.9","81.5","96.6","87.9","442","180","402","44",43.6,"12",11.9,7
"Hart, Kyle","606996","100","11.7",35,"115","86.9","75.7","93.7","83","433","159","399","30",30,"7",7,4.8
"Banda, Anthony","607455","100","16.1",30,"116.2","90.2","80.5","93.2","88.2","451","171","423","39",39,"7",7,4.5
"Morillo, Juan","666661","100","5.7",28,"111","85.3","72.4","94.6","81.8","414","130","414","32",32,"4",4,2.4
"Cano, Yennier","666974","100","2.3",24,"110.1","89.1","78","94.8","86.4","406","119","406","41",41,"6",6,4.4
"Lawrence, Justin","664875","100","12.4",40,"116.6","90","79.1","92.8","88.2","454","167","399","43",43,"10",10,5.6
"Gaddis, Hunter","683769","100","20.1",36,"114.1","86","75.9","88.5","83.4","440","174","394","28",28.3,"7",7,4.9
"Pomeranz, Drew","519141","100","26.7",30,"109.8","88.5","77.6","92","83.8","409","183","391","37",37,"9",9,6.7
"Schultz, Paxton","687606","99","21.5",36.4,"108.7","91","82.4","92.1","91.6","416","191","397","37",37.4,"9",9.1,6.3
"Warren, Austin","681810","99","12.5",47.5,"115","90.1","79.3","93.9","84.9","420","180","388","42",42.4,"13",13.1,8.3
"Gusto, Ryan","687473","99","15.2",36.4,"109.3","89.5","79.8","91.7","87.6","412","175","401","42",42.4,"9",9.1,6.5
"Rolison, Ryan","669020","98","12.3",32.7,"112.4","89.7","80","92.6","88.2","415","157","384","41",42.7,"6",6.1,3.9
"Strider, Spencer","675911","98","22.2",35.7,"111.5","89.1","79.2","94.6","80.3","423","203","385","36",36.7,"11",11.2,6.7
"Zeferjahn, Ryan","666171","98","16",27.6,"108.2","88.8","79.4","92.8","86.9","410","158","400","34",34.7,"6",6.1,3
"Raley, Brooks","548384","98","17.4",36.7,"110.7","87.4","76.5","92.9","80.6","405","176","389","31",31.6,"5",5.1,3.3
"Megill, Trevor","656730","97","18",28.9,"111.1","91.3","82.4","93.7","90.5","411","175",,"43",44.3,"5",5.2,3.2
"Mattson, Isaac","676755","97","19.1",45.4,"111.5","91","81.5","95.1","83.5","413","209","384","45",46.4,"12",12.4,8.5
"Barlow, Scott","605130","97","18.9",30.9,"108.1","87.9","77.5","92.7","81.5","463","182","424","35",36.1,"9",9.3,5.9
"Giolito, Lucas","608337","96","19.4",38.5,"111.5","90","79.5","93.5","88.2","429","176","407","42",43.8,"4",4.2,2.9
"Winn, Keaton","676775","96","7.5",31.3,"108.7","86","74.9","90.6","83.8","441","136","422","28",29.2,"4",4.2,3
"Lovelady, Richard","663992","95","10.6",35.8,"110.6","87.1","75.3","91.9","82.1","413","156","399","31",32.6,"6",6.3,4.1
"Whitlock, Garrett","676477","95","15.5",31.6,"109.6","87.8","77.3","91.5","87.5","429","152","405","33",34.7,"4",4.2,2.9
"Silseth, Chase","681217","95","13.8",38.9,"107.2","86.8","75","91.6","81.9","426","172","402","31",32.6,"9",9.5,5.6
"Kikuchi, Yusei","579328","94","15.5",35.1,"116.2","90.2","78.7","94.9","90.4","456","170","401","40",42.6,"8",8.5,5.6
"Scott, Tanner","656945","94","18",36.2,"113","88.6","78.9","90.7","86.7","431","174","400","29",30.9,"6",6.4,3.9
"Sewald, Paul","623149","94","29.7",40.4,"110.2","91.2","82.1","94.6","87.2","443","230","410","40",42.6,"13",13.8,8.9
"Henderson, Logan","701656","93","21.7",39.8,"106.5","87.5","75.9","92.2","81.6","398","186","375","34",36.6,"8",8.6,5.4
"Waldron, Matt","663362","93","16.7",25.8,"105.8","89.4","80.2","94.5","84.8","438","164","388","36",38.7,"7",7.5,5.4
"Kinley, Tyler","641755","93","21.1",32.3,"109.6","84.8","72.7","89.1","79.4","438","186","391","25",26.9,"6",6.5,4.2
"Santillan, Tony","663574","92","16.8",37,"110.3","91.8","83","94.3","88.6","435","185","394","43",46.7,"10",10.9,7.5
"Baker, Bryan","641329","92","16.1",29.3,"109.1","86.5","74.8","92.1","83.2","395","152","379","30",32.6,"6",6.5,4.1
"Williams, Devin","642207","92","14.7",37,"108.7","87.8","77.9","91.2","85.6","416","155","402","28",30.4,"5",5.4,3.2
"Bird, Jake","656234","92","11.9",34.8,"113.2","89.4","78.6","94","87.4","432","150","422","35",38,"9",9.8,6.5
"Montgomery, Mason","682254","91","7.8",23.1,"112.9","86.9","73.4","94.6","82.5","410","139","408","36",39.6,"8",8.8,4.7
"Leiter Jr., Mark","643410","91","14.4",37.4,"110.5","86.8","76","88.6","84.3","414","162","411","29",31.9,"3",3.3,2.1
"Holderman, Colin","670059","91","6.7",24.2,"110.3","87.7","74.6","94.4","84.9","391","131","390","44",48.4,"7",7.7,4.7
"Iglesias, Raisel","628452","90","20.3",30,"111.7","87.7","76.8","92.1","82.7","430","170","389","32",35.6,"7",7.8,5.1
"De Jesus, Enmanuel","646241","90","14.9",35.6,"105.8","91","82","95.1","87.2","410","166","410","40",44.4,"6",6.7,4.5
"Sisk, Evan","681895","90","13.4",27.8,"109.5","84.6","71.7","94.4","79.5","437","140","424","28",31.1,"3",3.3,2
"Armstrong, Shawn","542888","89","16.6",30.3,"111.3","89","78.9","91.5","87.7","444","162","407","32",36,"6",6.7,4.3
"Herrin, Tim","682120","89","16",30.3,"110.5","87.1","75.4","93.5","85.7","402","167","377","31",34.8,"8",9,5.8
"Eisert, Brandon","685126","88","13.9",37.5,"110.6","89.1","78.6","93.3","84","412","178","405","34",38.6,"7",8,5.1
"Kremer, Dean","665152","88","15",42,"108.6","87.1","75.9","93.3","76.6","443","201","393","30",34.1,"8",9.1,6.2
"Keller, Brad","641745","88","12.7",27.3,"108","85.5","73.9","89.6","82.5","409","161","389","28",31.8,"4",4.5,3
"Wolfram, Grant","664991","87","12.2",28.7,"109.4","88.7","77.4","94","85.3","401","147","401","33",37.9,"5",5.7,3.8
"Cruz, Steven","674444","87","15.5",35.6,"112.5","89.5","78.9","95","86.1","420","170","395","31",35.6,"11",12.6,7.5
"Bowlan, Jonathan","680742","86","10.4",31.4,"108.9","84.9","73.1","87.7","82.4","412","141","402","25",29.1,"4",4.7,3
"Crochet, Garrett","676979","86","14.3",41.9,"112.8","89.6","78.2","91.5","86.9","438","186","417","39",45.3,"9",10.5,6.5
"Glasnow, Tyler","607192","86","14.3",30.2,"108.8","90.4","81.8","94.2","87.5","409","161","384","33",38.4,"7",8.1,4.7
"Matsui, Yuki","673513","86","26.5",27.9,"108.9","87.2","76.5","92.9","82.9","407","180","393","28",32.6,"9",10.5,6
"Williamson, Brandon","682227","86","18.7",34.9,"111.1","88.1","76.4","93.1","85.2","444","187","417","36",41.9,"9",10.5,7
"Kimbrel, Craig","518886","86","17.5",32.6,"107.4","89.3","80.2","93.2","84.2","448","184","415","30",34.9,"3",3.5,2.3
"Hurt, Kyle","669165","85","11.4",31.8,"109.4","89.2","77.9","94.3","86","431","145","411","35",41.2,"6",7.1,4.2
"Shugart, Chase","663767","84","14.8",36.9,"108.4","87.7","75.8","92.9","79.9","431","188","398","31",36.9,"10",11.9,7.4
"Maton, Phil","664208","84","10",44,"109.6","88.7","76.8","93","83.4","403","167","387","36",42.9,"10",11.9,7.4
"Bender, Anthony","669622","84","12.2",28.6,"109.8","88.4","78.7","90.5","87.3","394","159","382","28",33.3,"6",7.1,4.3
"Ragans, Cole","666142","83","20.2",32.5,"111.6","89.6","79.2","93.3","85.4","425","190","383","33",39.8,"13",15.7,8.6
"Muñoz, Andrés","662253","83","9.3",33.7,"111.9","87.7","75","93.7","83.3","438","153","406","35",42.2,"7",8.4,4.5
"Domínguez, Seranthony","622554","83","17",38.6,"111.1","91.2","81.9","95.4","88.8","421","173","404","33",39.8,"8",9.6,5.4
"Fairbanks, Pete","664126","81","26",38.3,"115.2","92","81.9","94.7","89.1","435","208","408","36",44.4,"11",13.6,7.9
"Weiss, Ryan","680802","81","16.8",39.5,"109.6","90.3","79.4","96.6","83.4","426","191","388","40",49.4,"9",11.1,6.9
"Chapman, Aroldis","547973","81","13.1",24.7,"113.5","88.1","75.4","94.2","84.9","396","148","396","31",38.3,"6",7.4,4.3
"Fermin, José","820862","80","10.2",28.7,"112.9","90.6","81.7","93.3","90.1","421","151","398","35",43.8,"6",7.5,4.5
"Abreu, Bryan","650556","80","15.5",36.3,"106.9","91.4","82.6","92.9","89.2","391","185","360","39",48.8,"6",7.5,3.9
"Phillips, Connor","683175","74","20.8",37.8,"110","89.8","79.8","92.1","89.1","407","197","389","30",40.5,"7",9.5,5.3
"Duran, Jhoan","661395","74","2.5",25.7,"111.1","91.5","81.9","93.2","92","366","114","364","35",47.3,"3",4.1,2.3
"Vesia, Alex","681911","73","21.4",34.2,"113.4","87.3","77.5","89.6","83.4","388","196","346","26",35.6,"4",5.5,2.8
"Miller, Erik","669062","66","5.7",30.3,"113.7","83.4","69.5","91.5","80.2","452","127","420","19",28.8,"5",7.6,3.9
"Miller, Mason","695243","66","12",30.3,"109.1","84.4","73.4","90.8","79.1","385","150",,"15",22.7,"2",3,1.3